<?xml version="1.0" encoding="UTF-8" standalone="no"?>
<!--Created by yFiles for Java 3.1.0.1--><graphml xmlns="http://graphml.graphdrawing.org/xmlns" xmlns:x="http://www.yworks.com/xml/yfiles-common/markup/3.0" xmlns:xsi="http://www.w3.org/2001/XMLSchema-instance" xmlns:y="http://www.yworks.com/xml/yfiles-common/3.0" xmlns:yfj="http://www.yworks.com/xml/yfiles-for-java/3.1" xsi:schemaLocation="http://graphml.graphdrawing.org/xmlns http://www.yworks.com/xml/schema/graphml.java/3.1/ygraphml.xsd ">
  <key attr.name="NodeLabels" for="node" id="d0" y:attr.uri="http://www.yworks.com/xml/yfiles-common/2.0/NodeLabels"/>
  <key attr.name="NodeGeometry" for="node" id="d1" y:attr.uri="http://www.yworks.com/xml/yfiles-common/2.0/NodeGeometry"/>
  <key attr.name="UserTags" for="all" id="d2" y:attr.uri="http://www.yworks.com/xml/yfiles-common/2.0/UserTags"/>
  <key attr.name="NodeStyle" for="node" id="d3" y:attr.uri="http://www.yworks.com/xml/yfiles-common/2.0/NodeStyle"/>
  <key attr.name="EdgeLabels" for="edge" id="d4" y:attr.uri="http://www.yworks.com/xml/yfiles-common/2.0/EdgeLabels"/>
  <key attr.name="EdgeGeometry" for="edge" id="d5" y:attr.uri="http://www.yworks.com/xml/yfiles-common/2.0/EdgeGeometry"/>
  <key attr.name="EdgeStyle" for="edge" id="d6" y:attr.uri="http://www.yworks.com/xml/yfiles-common/2.0/EdgeStyle"/>
  <key attr.name="PortLocationParameter" for="port" id="d7" y:attr.uri="http://www.yworks.com/xml/yfiles-common/2.0/PortLocationParameter">
    <default>
      <x:Static Member="y:FreeNodePortLocationModel.NodeCenterAnchored"/>
    </default>
  </key>
  <key attr.name="PortStyle" for="port" id="d8" y:attr.uri="http://www.yworks.com/xml/yfiles-common/2.0/PortStyle">
    <default>
      <x:Static Member="y:VoidPortStyle.Instance"/>
    </default>
  </key>
  <key attr.name="SharedData" id="d9" y:attr.uri="http://www.yworks.com/xml/yfiles-common/2.0/SharedData"/>
  <data key="d9">
    <y:SharedData>
      <yfj:ShapeNodeStyle Paint="Black" Shape="ELLIPSE" x:Key="1"/>
      <yfj:PolylineEdgeStyle x:Key="2">
        <yfj:PolylineEdgeStyle.Pen>
          <yfj:Pen Thickness="1.5"/>
        </yfj:PolylineEdgeStyle.Pen>
      </yfj:PolylineEdgeStyle>
    </y:SharedData>
  </data>
  <graph id="G">
    <node id="n0">
      <data key="d1">
        <y:RectD Height="15.0" Width="15.0" X="620.6160602020246" Y="165.0419484972527"/>
      </data>
      <data key="d3">
        <y:GraphMLReference ResourceKey="1"/>
      </data>
      <port name="p0"/>
      <port name="p1"/>
      <port name="p2"/>
      <port name="p3"/>
    </node>
    <node id="n1">
      <data key="d1">
        <y:RectD Height="15.0" Width="15.0" X="655.1269140644156" Y="371.57749461545575"/>
      </data>
      <data key="d3">
        <y:GraphMLReference ResourceKey="1"/>
      </data>
      <port name="p0"/>
      <port name="p1"/>
      <port name="p2"/>
    </node>
    <node id="n2">
      <data key="d1">
        <y:RectD Height="15.0" Width="15.0" X="385.5214993320666" Y="368.24540531267326"/>
      </data>
      <data key="d3">
        <y:GraphMLReference ResourceKey="1"/>
      </data>
      <port name="p0"/>
      <port name="p1"/>
    </node>
    <node id="n3">
      <data key="d1">
        <y:RectD Height="15.0" Width="15.0" X="707.0382222174894" Y="332.4595181105726"/>
      </data>
      <data key="d3">
        <y:GraphMLReference ResourceKey="1"/>
      </data>
      <port name="p0"/>
      <port name="p1"/>
      <port name="p2"/>
    </node>
    <node id="n4">
      <data key="d1">
        <y:RectD Height="15.0" Width="15.0" X="286.7539520903602" Y="299.00722469603124"/>
      </data>
      <data key="d3">
        <y:GraphMLReference ResourceKey="1"/>
      </data>
      <port name="p0"/>
      <port name="p1"/>
    </node>
    <node id="n5">
      <data key="d1">
        <y:RectD Height="15.0" Width="15.0" X="738.8165506730465" Y="-41.64637736594568"/>
      </data>
      <data key="d3">
        <y:GraphMLReference ResourceKey="1"/>
      </data>
      <port name="p0"/>
      <port name="p1"/>
    </node>
    <node id="n6">
      <data key="d1">
        <y:RectD Height="15.0" Width="15.0" X="853.2326851445594" Y="-221.23837434266602"/>
      </data>
      <data key="d3">
        <y:GraphMLReference ResourceKey="1"/>
      </data>
      <port name="p0"/>
      <port name="p1"/>
      <port name="p2"/>
    </node>
    <node id="n7">
      <data key="d1">
        <y:RectD Height="15.0" Width="15.0" X="82.58168373103857" Y="359.4888089882668"/>
      </data>
      <data key="d3">
        <y:GraphMLReference ResourceKey="1"/>
      </data>
      <port name="p0"/>
      <port name="p1"/>
      <port name="p2"/>
    </node>
    <node id="n8">
      <data key="d1">
        <y:RectD Height="15.0" Width="15.0" X="518.0159933899749" Y="242.35664438428998"/>
      </data>
      <data key="d3">
        <y:GraphMLReference ResourceKey="1"/>
      </data>
      <port name="p0"/>
      <port name="p1"/>
      <port name="p2"/>
      <port name="p3"/>
    </node>
    <node id="n9">
      <data key="d1">
        <y:RectD Height="15.0" Width="15.0" X="277.2109387961307" Y="555.4405884806104"/>
      </data>
      <data key="d3">
        <y:GraphMLReference ResourceKey="1"/>
      </data>
      <port name="p0"/>
      <port name="p1"/>
    </node>
    <node id="n10">
      <data key="d1">
        <y:RectD Height="15.0" Width="15.0" X="778.1485360340489" Y="72.37971162603606"/>
      </data>
      <data key="d3">
        <y:GraphMLReference ResourceKey="1"/>
      </data>
      <port name="p0"/>
      <port name="p1"/>
    </node>
    <node id="n11">
      <data key="d1">
        <y:RectD Height="15.0" Width="15.0" X="987.9465317907268" Y="19.862903827321304"/>
      </data>
      <data key="d3">
        <y:GraphMLReference ResourceKey="1"/>
      </data>
      <port name="p0"/>
      <port name="p1"/>
    </node>
    <edge id="e0" source="n7" sourceport="p0" target="n8" targetport="p0">
      <data key="d6">
        <y:GraphMLReference ResourceKey="2"/>
      </data>
    </edge>
    <edge id="e1" source="n6" sourceport="p0" target="n0" targetport="p0">
      <data key="d6">
        <y:GraphMLReference ResourceKey="2"/>
      </data>
    </edge>
    <edge id="e2" source="n5" sourceport="p0" target="n4" targetport="p0">
      <data key="d6">
        <y:GraphMLReference ResourceKey="2"/>
      </data>
    </edge>
    <edge id="e3" source="n3" sourceport="p0" target="n10" targetport="p0">
      <data key="d6">
        <y:GraphMLReference ResourceKey="2"/>
      </data>
    </edge>
    <edge id="e4" source="n10" sourceport="p1" target="n2" targetport="p0">
      <data key="d6">
        <y:GraphMLReference ResourceKey="2"/>
      </data>
    </edge>
    <edge id="e5" source="n11" sourceport="p0" target="n9" targetport="p0">
      <data key="d6">
        <y:GraphMLReference ResourceKey="2"/>
      </data>
    </edge>
    <edge id="e6" source="n1" sourceport="p0" target="n2" targetport="p1">
      <data key="d6">
        <y:GraphMLReference ResourceKey="2"/>
      </data>
    </edge>
    <edge id="e7" source="n1" sourceport="p1" target="n8" targetport="p1">
      <data key="d6">
        <y:GraphMLReference ResourceKey="2"/>
      </data>
    </edge>
    <edge id="e8" source="n1" sourceport="p2" target="n7" targetport="p1">
      <data key="d6">
        <y:GraphMLReference ResourceKey="2"/>
      </data>
    </edge>
    <edge id="e9" source="n0" sourceport="p1" target="n8" targetport="p2">
      <data key="d6">
        <y:GraphMLReference ResourceKey="2"/>
      </data>
    </edge>
    <edge id="e10" source="n3" sourceport="p1" target="n0" targetport="p2">
      <data key="d6">
        <y:GraphMLReference ResourceKey="2"/>
      </data>
    </edge>
    <edge id="e11" source="n6" sourceport="p1" target="n5" targetport="p1">
      <data key="d6">
        <y:GraphMLReference ResourceKey="2"/>
      </data>
    </edge>
    <edge id="e12" source="n0" sourceport="p3" target="n11" targetport="p1">
      <data key="d6">
        <y:GraphMLReference ResourceKey="2"/>
      </data>
    </edge>
    <edge id="e13" source="n3" sourceport="p2" target="n6" targetport="p2">
      <data key="d6">
        <y:GraphMLReference ResourceKey="2"/>
      </data>
    </edge>
    <edge id="e14" source="n7" sourceport="p2" target="n4" targetport="p1">
      <data key="d6">
        <y:GraphMLReference ResourceKey="2"/>
      </data>
    </edge>
    <edge id="e15" source="n8" sourceport="p3" target="n9" targetport="p1">
      <data key="d6">
        <y:GraphMLReference ResourceKey="2"/>
      </data>
    </edge>
  </graph>
</graphml>
