<?xml version="1.0" encoding="UTF-8" standalone="no"?>
<!--Created by yFiles for Java 3.1.0.1--><graphml xmlns="http://graphml.graphdrawing.org/xmlns" xmlns:x="http://www.yworks.com/xml/yfiles-common/markup/3.0" xmlns:xsi="http://www.w3.org/2001/XMLSchema-instance" xmlns:y="http://www.yworks.com/xml/yfiles-common/3.0" xmlns:yfj="http://www.yworks.com/xml/yfiles-for-java/3.1" xsi:schemaLocation="http://graphml.graphdrawing.org/xmlns http://www.yworks.com/xml/schema/graphml.java/3.1/ygraphml.xsd ">
  <key attr.name="NodeLabels" for="node" id="d0" y:attr.uri="http://www.yworks.com/xml/yfiles-common/2.0/NodeLabels"/>
  <key attr.name="NodeGeometry" for="node" id="d1" y:attr.uri="http://www.yworks.com/xml/yfiles-common/2.0/NodeGeometry"/>
  <key attr.name="UserTags" for="all" id="d2" y:attr.uri="http://www.yworks.com/xml/yfiles-common/2.0/UserTags"/>
  <key attr.name="NodeStyle" for="node" id="d3" y:attr.uri="http://www.yworks.com/xml/yfiles-common/2.0/NodeStyle"/>
  <key attr.name="EdgeLabels" for="edge" id="d4" y:attr.uri="http://www.yworks.com/xml/yfiles-common/2.0/EdgeLabels"/>
  <key attr.name="EdgeGeometry" for="edge" id="d5" y:attr.uri="http://www.yworks.com/xml/yfiles-common/2.0/EdgeGeometry"/>
  <key attr.name="EdgeStyle" for="edge" id="d6" y:attr.uri="http://www.yworks.com/xml/yfiles-common/2.0/EdgeStyle"/>
  <key attr.name="PortLocationParameter" for="port" id="d7" y:attr.uri="http://www.yworks.com/xml/yfiles-common/2.0/PortLocationParameter">
    <default>
      <x:Static Member="y:FreeNodePortLocationModel.NodeCenterAnchored"/>
    </default>
  </key>
  <key attr.name="PortStyle" for="port" id="d8" y:attr.uri="http://www.yworks.com/xml/yfiles-common/2.0/PortStyle">
    <default>
      <x:Static Member="y:VoidPortStyle.Instance"/>
    </default>
  </key>
  <key attr.name="SharedData" id="d9" y:attr.uri="http://www.yworks.com/xml/yfiles-common/2.0/SharedData"/>
  <data key="d9">
    <y:SharedData>
      <yfj:ShapeNodeStyle Paint="Black" Shape="ELLIPSE" x:Key="1"/>
      <yfj:PolylineEdgeStyle x:Key="2">
        <yfj:PolylineEdgeStyle.Pen>
          <yfj:Pen Thickness="1.5"/>
        </yfj:PolylineEdgeStyle.Pen>
      </yfj:PolylineEdgeStyle>
    </y:SharedData>
  </data>
  <graph id="G">
    <node id="n0">
      <data key="d1">
        <y:RectD Height="15.0" Width="15.0" X="-46.419494504003524" Y="-363.42758696786484"/>
      </data>
      <data key="d3">
        <y:GraphMLReference ResourceKey="1"/>
      </data>
      <port name="p0"/>
      <port name="p1"/>
    </node>
    <node id="n1">
      <data key="d1">
        <y:RectD Height="15.0" Width="15.0" X="-233.63501447257022" Y="-108.51470207794966"/>
      </data>
      <data key="d3">
        <y:GraphMLReference ResourceKey="1"/>
      </data>
      <port name="p0"/>
    </node>
    <node id="n2">
      <data key="d1">
        <y:RectD Height="15.0" Width="15.0" X="341.9796989201771" Y="140.26812816920665"/>
      </data>
      <data key="d3">
        <y:GraphMLReference ResourceKey="1"/>
      </data>
      <port name="p0"/>
      <port name="p1"/>
    </node>
    <node id="n3">
      <data key="d1">
        <y:RectD Height="15.0" Width="15.0" X="325.9145819254165" Y="175.71279654041098"/>
      </data>
      <data key="d3">
        <y:GraphMLReference ResourceKey="1"/>
      </data>
      <port name="p0"/>
      <port name="p1"/>
    </node>
    <node id="n4">
      <data key="d1">
        <y:RectD Height="15.0" Width="15.0" X="318.6436991131125" Y="15.462213193173994"/>
      </data>
      <data key="d3">
        <y:GraphMLReference ResourceKey="1"/>
      </data>
      <port name="p0"/>
    </node>
    <node id="n5">
      <data key="d1">
        <y:RectD Height="15.0" Width="15.0" X="-15.234875806403409" Y="17.018558178442618"/>
      </data>
      <data key="d3">
        <y:GraphMLReference ResourceKey="1"/>
      </data>
      <port name="p0"/>
      <port name="p1"/>
      <port name="p2"/>
      <port name="p3"/>
      <port name="p4"/>
      <port name="p5"/>
      <port name="p6"/>
      <port name="p7"/>
    </node>
    <node id="n6">
      <data key="d1">
        <y:RectD Height="15.0" Width="15.0" X="28.030555790776987" Y="265.18246052668843"/>
      </data>
      <data key="d3">
        <y:GraphMLReference ResourceKey="1"/>
      </data>
      <port name="p0"/>
    </node>
    <node id="n7">
      <data key="d1">
        <y:RectD Height="15.0" Width="15.0" X="126.71834225655687" Y="240.44347706971053"/>
      </data>
      <data key="d3">
        <y:GraphMLReference ResourceKey="1"/>
      </data>
      <port name="p0"/>
      <port name="p1"/>
    </node>
    <node id="n8">
      <data key="d1">
        <y:RectD Height="15.0" Width="15.0" X="331.60179163751684" Y="176.44275934123803"/>
      </data>
      <data key="d3">
        <y:GraphMLReference ResourceKey="1"/>
      </data>
      <port name="p0"/>
      <port name="p1"/>
    </node>
    <node id="n9">
      <data key="d1">
        <y:RectD Height="15.0" Width="15.0" X="100.42080813899358" Y="-296.1923735770158"/>
      </data>
      <data key="d3">
        <y:GraphMLReference ResourceKey="1"/>
      </data>
      <port name="p0"/>
    </node>
    <node id="n10">
      <data key="d1">
        <y:RectD Height="15.0" Width="15.0" X="1.4170939763587853" Y="-310.5044936856269"/>
      </data>
      <data key="d3">
        <y:GraphMLReference ResourceKey="1"/>
      </data>
      <port name="p0"/>
      <port name="p1"/>
    </node>
    <node id="n11">
      <data key="d1">
        <y:RectD Height="15.0" Width="15.0" X="-47.67869412747393" Y="-357.8336959867811"/>
      </data>
      <data key="d3">
        <y:GraphMLReference ResourceKey="1"/>
      </data>
      <port name="p0"/>
      <port name="p1"/>
    </node>
    <node id="n12">
      <data key="d1">
        <y:RectD Height="15.0" Width="15.0" X="-8.877007195757812" Y="-360.8071773223696"/>
      </data>
      <data key="d3">
        <y:GraphMLReference ResourceKey="1"/>
      </data>
      <port name="p0"/>
      <port name="p1"/>
    </node>
    <node id="n13">
      <data key="d1">
        <y:RectD Height="15.0" Width="15.0" X="298.23142825929807" Y="113.39030619304057"/>
      </data>
      <data key="d3">
        <y:GraphMLReference ResourceKey="1"/>
      </data>
      <port name="p0"/>
      <port name="p1"/>
    </node>
    <node id="n14">
      <data key="d1">
        <y:RectD Height="15.0" Width="15.0" X="-176.63476340078438" Y="-192.7896561138515"/>
      </data>
      <data key="d3">
        <y:GraphMLReference ResourceKey="1"/>
      </data>
      <port name="p0"/>
      <port name="p1"/>
    </node>
    <edge id="e0" source="n11" sourceport="p0" target="n6" targetport="p0">
      <data key="d6">
        <y:GraphMLReference ResourceKey="2"/>
      </data>
    </edge>
    <edge id="e1" source="n1" sourceport="p0" target="n3" targetport="p0">
      <data key="d6">
        <y:GraphMLReference ResourceKey="2"/>
      </data>
    </edge>
    <edge id="e2" source="n2" sourceport="p0" target="n3" targetport="p1">
      <data key="d6">
        <y:GraphMLReference ResourceKey="2"/>
      </data>
    </edge>
    <edge id="e3" source="n0" sourceport="p0" target="n5" targetport="p0">
      <data key="d6">
        <y:GraphMLReference ResourceKey="2"/>
      </data>
    </edge>
    <edge id="e4" source="n8" sourceport="p0" target="n5" targetport="p1">
      <data key="d6">
        <y:GraphMLReference ResourceKey="2"/>
      </data>
    </edge>
    <edge id="e5" source="n13" sourceport="p0" target="n5" targetport="p2">
      <data key="d6">
        <y:GraphMLReference ResourceKey="2"/>
      </data>
    </edge>
    <edge id="e6" source="n10" sourceport="p0" target="n5" targetport="p3">
      <data key="d6">
        <y:GraphMLReference ResourceKey="2"/>
      </data>
    </edge>
    <edge id="e7" source="n9" sourceport="p0" target="n0" targetport="p1">
      <data key="d6">
        <y:GraphMLReference ResourceKey="2"/>
      </data>
    </edge>
    <edge id="e8" source="n10" sourceport="p1" target="n7" targetport="p0">
      <data key="d6">
        <y:GraphMLReference ResourceKey="2"/>
      </data>
    </edge>
    <edge id="e9" source="n14" sourceport="p0" target="n13" targetport="p1">
      <data key="d6">
        <y:GraphMLReference ResourceKey="2"/>
      </data>
    </edge>
    <edge id="e10" source="n2" sourceport="p1" target="n5" targetport="p4">
      <data key="d6">
        <y:GraphMLReference ResourceKey="2"/>
      </data>
    </edge>
    <edge id="e11" source="n12" sourceport="p0" target="n5" targetport="p5">
      <data key="d6">
        <y:GraphMLReference ResourceKey="2"/>
      </data>
    </edge>
    <edge id="e12" source="n14" sourceport="p1" target="n5" targetport="p6">
      <data key="d6">
        <y:GraphMLReference ResourceKey="2"/>
      </data>
    </edge>
    <edge id="e13" source="n7" sourceport="p1" target="n5" targetport="p7">
      <data key="d6">
        <y:GraphMLReference ResourceKey="2"/>
      </data>
    </edge>
    <edge id="e14" source="n12" sourceport="p1" target="n11" targetport="p1">
      <data key="d6">
        <y:GraphMLReference ResourceKey="2"/>
      </data>
    </edge>
    <edge id="e15" source="n4" sourceport="p0" target="n8" targetport="p1">
      <data key="d6">
        <y:GraphMLReference ResourceKey="2"/>
      </data>
    </edge>
  </graph>
</graphml>
