<?xml version="1.0" encoding="UTF-8" standalone="no"?>
<!--Created by yFiles for Java 3.1.0.1--><graphml xmlns="http://graphml.graphdrawing.org/xmlns" xmlns:x="http://www.yworks.com/xml/yfiles-common/markup/3.0" xmlns:xsi="http://www.w3.org/2001/XMLSchema-instance" xmlns:y="http://www.yworks.com/xml/yfiles-common/3.0" xmlns:yfj="http://www.yworks.com/xml/yfiles-for-java/3.1" xsi:schemaLocation="http://graphml.graphdrawing.org/xmlns http://www.yworks.com/xml/schema/graphml.java/3.1/ygraphml.xsd ">
  <key attr.name="NodeLabels" for="node" id="d0" y:attr.uri="http://www.yworks.com/xml/yfiles-common/2.0/NodeLabels"/>
  <key attr.name="NodeGeometry" for="node" id="d1" y:attr.uri="http://www.yworks.com/xml/yfiles-common/2.0/NodeGeometry"/>
  <key attr.name="UserTags" for="all" id="d2" y:attr.uri="http://www.yworks.com/xml/yfiles-common/2.0/UserTags"/>
  <key attr.name="NodeStyle" for="node" id="d3" y:attr.uri="http://www.yworks.com/xml/yfiles-common/2.0/NodeStyle"/>
  <key attr.name="EdgeLabels" for="edge" id="d4" y:attr.uri="http://www.yworks.com/xml/yfiles-common/2.0/EdgeLabels"/>
  <key attr.name="EdgeGeometry" for="edge" id="d5" y:attr.uri="http://www.yworks.com/xml/yfiles-common/2.0/EdgeGeometry"/>
  <key attr.name="EdgeStyle" for="edge" id="d6" y:attr.uri="http://www.yworks.com/xml/yfiles-common/2.0/EdgeStyle"/>
  <key attr.name="PortLocationParameter" for="port" id="d7" y:attr.uri="http://www.yworks.com/xml/yfiles-common/2.0/PortLocationParameter">
    <default>
      <x:Static Member="y:FreeNodePortLocationModel.NodeCenterAnchored"/>
    </default>
  </key>
  <key attr.name="PortStyle" for="port" id="d8" y:attr.uri="http://www.yworks.com/xml/yfiles-common/2.0/PortStyle">
    <default>
      <x:Static Member="y:VoidPortStyle.Instance"/>
    </default>
  </key>
  <key attr.name="SharedData" id="d9" y:attr.uri="http://www.yworks.com/xml/yfiles-common/2.0/SharedData"/>
  <data key="d9">
    <y:SharedData>
      <yfj:ShapeNodeStyle Paint="Black" Shape="ELLIPSE" x:Key="1"/>
      <yfj:PolylineEdgeStyle x:Key="2">
        <yfj:PolylineEdgeStyle.Pen>
          <yfj:Pen Thickness="1.5"/>
        </yfj:PolylineEdgeStyle.Pen>
      </yfj:PolylineEdgeStyle>
    </y:SharedData>
  </data>
  <graph id="G">
    <node id="n0">
      <data key="d1">
        <y:RectD Height="15.0" Width="15.0" X="1196.4283863026662" Y="323.441147882108"/>
      </data>
      <data key="d3">
        <y:GraphMLReference ResourceKey="1"/>
      </data>
      <port name="p0"/>
      <port name="p1"/>
    </node>
    <node id="n1">
      <data key="d1">
        <y:RectD Height="15.0" Width="15.0" X="1112.5046211995214" Y="614.9152963183857"/>
      </data>
      <data key="d3">
        <y:GraphMLReference ResourceKey="1"/>
      </data>
      <port name="p0"/>
    </node>
    <node id="n2">
      <data key="d1">
        <y:RectD Height="15.0" Width="15.0" X="731.2884430043822" Y="276.98051744026486"/>
      </data>
      <data key="d3">
        <y:GraphMLReference ResourceKey="1"/>
      </data>
      <port name="p0"/>
    </node>
    <node id="n3">
      <data key="d1">
        <y:RectD Height="15.0" Width="15.0" X="848.8990366724075" Y="485.4113679996812"/>
      </data>
      <data key="d3">
        <y:GraphMLReference ResourceKey="1"/>
      </data>
      <port name="p0"/>
      <port name="p1"/>
      <port name="p2"/>
      <port name="p3"/>
      <port name="p4"/>
    </node>
    <node id="n4">
      <data key="d1">
        <y:RectD Height="15.0" Width="15.0" X="867.4382071757975" Y="553.5269942401269"/>
      </data>
      <data key="d3">
        <y:GraphMLReference ResourceKey="1"/>
      </data>
      <port name="p0"/>
      <port name="p1"/>
      <port name="p2"/>
      <port name="p3"/>
    </node>
    <node id="n5">
      <data key="d1">
        <y:RectD Height="15.0" Width="15.0" X="492.7052303287491" Y="158.01122909148347"/>
      </data>
      <data key="d3">
        <y:GraphMLReference ResourceKey="1"/>
      </data>
      <port name="p0"/>
      <port name="p1"/>
      <port name="p2"/>
      <port name="p3"/>
    </node>
    <node id="n6">
      <data key="d1">
        <y:RectD Height="15.0" Width="15.0" X="548.2726142324559" Y="404.6976340310657"/>
      </data>
      <data key="d3">
        <y:GraphMLReference ResourceKey="1"/>
      </data>
      <port name="p0"/>
      <port name="p1"/>
      <port name="p2"/>
      <port name="p3"/>
    </node>
    <node id="n7">
      <data key="d1">
        <y:RectD Height="15.0" Width="15.0" X="375.53533324317806" Y="384.4750229244246"/>
      </data>
      <data key="d3">
        <y:GraphMLReference ResourceKey="1"/>
      </data>
      <port name="p0"/>
    </node>
    <node id="n8">
      <data key="d1">
        <y:RectD Height="15.0" Width="15.0" X="848.0688505367348" Y="284.90269330798026"/>
      </data>
      <data key="d3">
        <y:GraphMLReference ResourceKey="1"/>
      </data>
      <port name="p0"/>
      <port name="p1"/>
    </node>
    <node id="n9">
      <data key="d1">
        <y:RectD Height="15.0" Width="15.0" X="962.0064462461315" Y="396.5252519866484"/>
      </data>
      <data key="d3">
        <y:GraphMLReference ResourceKey="1"/>
      </data>
      <port name="p0"/>
      <port name="p1"/>
      <port name="p2"/>
    </node>
    <node id="n10">
      <data key="d1">
        <y:RectD Height="15.0" Width="15.0" X="513.0577874240372" Y="4.780204267035572"/>
      </data>
      <data key="d3">
        <y:GraphMLReference ResourceKey="1"/>
      </data>
      <port name="p0"/>
      <port name="p1"/>
    </node>
    <node id="n11">
      <data key="d1">
        <y:RectD Height="15.0" Width="15.0" X="657.9189681388741" Y="44.24250954872852"/>
      </data>
      <data key="d3">
        <y:GraphMLReference ResourceKey="1"/>
      </data>
      <port name="p0"/>
    </node>
    <node id="n12">
      <data key="d1">
        <y:RectD Height="15.0" Width="15.0" X="1000.1105032186855" Y="452.29789348796294"/>
      </data>
      <data key="d3">
        <y:GraphMLReference ResourceKey="1"/>
      </data>
      <port name="p0"/>
    </node>
    <node id="n13">
      <data key="d1">
        <y:RectD Height="15.0" Width="15.0" X="1092.1289827487606" Y="437.5271153249407"/>
      </data>
      <data key="d3">
        <y:GraphMLReference ResourceKey="1"/>
      </data>
      <port name="p0"/>
      <port name="p1"/>
      <port name="p2"/>
      <port name="p3"/>
    </node>
    <node id="n14">
      <data key="d1">
        <y:RectD Height="15.0" Width="15.0" X="766.5011497034363" Y="246.86704975131732"/>
      </data>
      <data key="d3">
        <y:GraphMLReference ResourceKey="1"/>
      </data>
      <port name="p0"/>
      <port name="p1"/>
    </node>
    <node id="n15">
      <data key="d1">
        <y:RectD Height="15.0" Width="15.0" X="988.3695295978811" Y="297.51165724274506"/>
      </data>
      <data key="d3">
        <y:GraphMLReference ResourceKey="1"/>
      </data>
      <port name="p0"/>
    </node>
    <node id="n16">
      <data key="d1">
        <y:RectD Height="15.0" Width="15.0" X="636.1001973974577" Y="279.7554221552419"/>
      </data>
      <data key="d3">
        <y:GraphMLReference ResourceKey="1"/>
      </data>
      <port name="p0"/>
      <port name="p1"/>
      <port name="p2"/>
    </node>
    <node id="n17">
      <data key="d1">
        <y:RectD Height="15.0" Width="15.0" X="612.3689602969639" Y="375.11558200182503"/>
      </data>
      <data key="d3">
        <y:GraphMLReference ResourceKey="1"/>
      </data>
      <port name="p0"/>
      <port name="p1"/>
      <port name="p2"/>
      <port name="p3"/>
      <port name="p4"/>
    </node>
    <edge id="e0" source="n17" sourceport="p0" target="n6" targetport="p0">
      <data key="d6">
        <y:GraphMLReference ResourceKey="2"/>
      </data>
    </edge>
    <edge id="e1" source="n14" sourceport="p0" target="n8" targetport="p0">
      <data key="d6">
        <y:GraphMLReference ResourceKey="2"/>
      </data>
    </edge>
    <edge id="e2" source="n16" sourceport="p0" target="n17" targetport="p1">
      <data key="d6">
        <y:GraphMLReference ResourceKey="2"/>
      </data>
    </edge>
    <edge id="e3" source="n5" sourceport="p0" target="n13" targetport="p0">
      <data key="d6">
        <y:GraphMLReference ResourceKey="2"/>
      </data>
    </edge>
    <edge id="e4" source="n3" sourceport="p0" target="n12" targetport="p0">
      <data key="d6">
        <y:GraphMLReference ResourceKey="2"/>
      </data>
    </edge>
    <edge id="e5" source="n10" sourceport="p0" target="n0" targetport="p0">
      <data key="d6">
        <y:GraphMLReference ResourceKey="2"/>
      </data>
    </edge>
    <edge id="e6" source="n9" sourceport="p0" target="n3" targetport="p1">
      <data key="d6">
        <y:GraphMLReference ResourceKey="2"/>
      </data>
    </edge>
    <edge id="e7" source="n9" sourceport="p1" target="n13" targetport="p1">
      <data key="d6">
        <y:GraphMLReference ResourceKey="2"/>
      </data>
    </edge>
    <edge id="e8" source="n0" sourceport="p1" target="n13" targetport="p2">
      <data key="d6">
        <y:GraphMLReference ResourceKey="2"/>
      </data>
    </edge>
    <edge id="e9" source="n3" sourceport="p2" target="n8" targetport="p1">
      <data key="d6">
        <y:GraphMLReference ResourceKey="2"/>
      </data>
    </edge>
    <edge id="e10" source="n5" sourceport="p1" target="n7" targetport="p0">
      <data key="d6">
        <y:GraphMLReference ResourceKey="2"/>
      </data>
    </edge>
    <edge id="e11" source="n11" sourceport="p0" target="n6" targetport="p1">
      <data key="d6">
        <y:GraphMLReference ResourceKey="2"/>
      </data>
    </edge>
    <edge id="e12" source="n16" sourceport="p1" target="n6" targetport="p2">
      <data key="d6">
        <y:GraphMLReference ResourceKey="2"/>
      </data>
    </edge>
    <edge id="e13" source="n15" sourceport="p0" target="n4" targetport="p0">
      <data key="d6">
        <y:GraphMLReference ResourceKey="2"/>
      </data>
    </edge>
    <edge id="e14" source="n17" sourceport="p2" target="n14" targetport="p1">
      <data key="d6">
        <y:GraphMLReference ResourceKey="2"/>
      </data>
    </edge>
    <edge id="e15" source="n17" sourceport="p3" target="n3" targetport="p3">
      <data key="d6">
        <y:GraphMLReference ResourceKey="2"/>
      </data>
    </edge>
    <edge id="e16" source="n10" sourceport="p1" target="n5" targetport="p2">
      <data key="d6">
        <y:GraphMLReference ResourceKey="2"/>
      </data>
    </edge>
    <edge id="e17" source="n3" sourceport="p4" target="n4" targetport="p1">
      <data key="d6">
        <y:GraphMLReference ResourceKey="2"/>
      </data>
    </edge>
    <edge id="e18" source="n17" sourceport="p4" target="n2" targetport="p0">
      <data key="d6">
        <y:GraphMLReference ResourceKey="2"/>
      </data>
    </edge>
    <edge id="e19" source="n9" sourceport="p2" target="n4" targetport="p2">
      <data key="d6">
        <y:GraphMLReference ResourceKey="2"/>
      </data>
    </edge>
    <edge id="e20" source="n16" sourceport="p2" target="n5" targetport="p3">
      <data key="d6">
        <y:GraphMLReference ResourceKey="2"/>
      </data>
    </edge>
    <edge id="e21" source="n13" sourceport="p3" target="n1" targetport="p0">
      <data key="d6">
        <y:GraphMLReference ResourceKey="2"/>
      </data>
    </edge>
    <edge id="e22" source="n6" sourceport="p3" target="n4" targetport="p3">
      <data key="d6">
        <y:GraphMLReference ResourceKey="2"/>
      </data>
    </edge>
  </graph>
</graphml>
