<?xml version="1.0" encoding="UTF-8" standalone="no"?>
<!--Created by yFiles for Java 3.1.0.1--><graphml xmlns="http://graphml.graphdrawing.org/xmlns" xmlns:x="http://www.yworks.com/xml/yfiles-common/markup/3.0" xmlns:xsi="http://www.w3.org/2001/XMLSchema-instance" xmlns:y="http://www.yworks.com/xml/yfiles-common/3.0" xmlns:yfj="http://www.yworks.com/xml/yfiles-for-java/3.1" xsi:schemaLocation="http://graphml.graphdrawing.org/xmlns http://www.yworks.com/xml/schema/graphml.java/3.1/ygraphml.xsd ">
  <key attr.name="NodeLabels" for="node" id="d0" y:attr.uri="http://www.yworks.com/xml/yfiles-common/2.0/NodeLabels"/>
  <key attr.name="NodeGeometry" for="node" id="d1" y:attr.uri="http://www.yworks.com/xml/yfiles-common/2.0/NodeGeometry"/>
  <key attr.name="UserTags" for="all" id="d2" y:attr.uri="http://www.yworks.com/xml/yfiles-common/2.0/UserTags"/>
  <key attr.name="NodeStyle" for="node" id="d3" y:attr.uri="http://www.yworks.com/xml/yfiles-common/2.0/NodeStyle"/>
  <key attr.name="EdgeLabels" for="edge" id="d4" y:attr.uri="http://www.yworks.com/xml/yfiles-common/2.0/EdgeLabels"/>
  <key attr.name="EdgeGeometry" for="edge" id="d5" y:attr.uri="http://www.yworks.com/xml/yfiles-common/2.0/EdgeGeometry"/>
  <key attr.name="EdgeStyle" for="edge" id="d6" y:attr.uri="http://www.yworks.com/xml/yfiles-common/2.0/EdgeStyle"/>
  <key attr.name="PortLocationParameter" for="port" id="d7" y:attr.uri="http://www.yworks.com/xml/yfiles-common/2.0/PortLocationParameter">
    <default>
      <x:Static Member="y:FreeNodePortLocationModel.NodeCenterAnchored"/>
    </default>
  </key>
  <key attr.name="PortStyle" for="port" id="d8" y:attr.uri="http://www.yworks.com/xml/yfiles-common/2.0/PortStyle">
    <default>
      <x:Static Member="y:VoidPortStyle.Instance"/>
    </default>
  </key>
  <key attr.name="SharedData" id="d9" y:attr.uri="http://www.yworks.com/xml/yfiles-common/2.0/SharedData"/>
  <data key="d9">
    <y:SharedData>
      <yfj:ShapeNodeStyle Paint="Black" Shape="ELLIPSE" x:Key="1"/>
      <yfj:PolylineEdgeStyle x:Key="2">
        <yfj:PolylineEdgeStyle.Pen>
          <yfj:Pen Thickness="1.5"/>
        </yfj:PolylineEdgeStyle.Pen>
      </yfj:PolylineEdgeStyle>
    </y:SharedData>
  </data>
  <graph id="G">
    <node id="n0">
      <data key="d1">
        <y:RectD Height="15.0" Width="15.0" X="594.5623613828664" Y="111.95091005841887"/>
      </data>
      <data key="d3">
        <y:GraphMLReference ResourceKey="1"/>
      </data>
      <port name="p0"/>
      <port name="p1"/>
    </node>
    <node id="n1">
      <data key="d1">
        <y:RectD Height="15.0" Width="15.0" X="592.5032733376532" Y="178.07069008753396"/>
      </data>
      <data key="d3">
        <y:GraphMLReference ResourceKey="1"/>
      </data>
      <port name="p0"/>
      <port name="p1"/>
    </node>
    <node id="n2">
      <data key="d1">
        <y:RectD Height="15.0" Width="15.0" X="749.7542145351755" Y="529.3322430484541"/>
      </data>
      <data key="d3">
        <y:GraphMLReference ResourceKey="1"/>
      </data>
      <port name="p0"/>
    </node>
    <node id="n3">
      <data key="d1">
        <y:RectD Height="15.0" Width="15.0" X="537.9137745412215" Y="290.33625059485655"/>
      </data>
      <data key="d3">
        <y:GraphMLReference ResourceKey="1"/>
      </data>
      <port name="p0"/>
      <port name="p1"/>
      <port name="p2"/>
    </node>
    <node id="n4">
      <data key="d1">
        <y:RectD Height="15.0" Width="15.0" X="1068.9572462590647" Y="814.6332525442676"/>
      </data>
      <data key="d3">
        <y:GraphMLReference ResourceKey="1"/>
      </data>
      <port name="p0"/>
      <port name="p1"/>
    </node>
    <node id="n5">
      <data key="d1">
        <y:RectD Height="15.0" Width="15.0" X="491.63730301998464" Y="472.39370010909096"/>
      </data>
      <data key="d3">
        <y:GraphMLReference ResourceKey="1"/>
      </data>
      <port name="p0"/>
      <port name="p1"/>
    </node>
    <node id="n6">
      <data key="d1">
        <y:RectD Height="15.0" Width="15.0" X="848.9511794425455" Y="724.5067194443566"/>
      </data>
      <data key="d3">
        <y:GraphMLReference ResourceKey="1"/>
      </data>
      <port name="p0"/>
      <port name="p1"/>
    </node>
    <node id="n7">
      <data key="d1">
        <y:RectD Height="15.0" Width="15.0" X="607.8850626404366" Y="140.34316442691454"/>
      </data>
      <data key="d3">
        <y:GraphMLReference ResourceKey="1"/>
      </data>
      <port name="p0"/>
      <port name="p1"/>
    </node>
    <node id="n8">
      <data key="d1">
        <y:RectD Height="15.0" Width="15.0" X="646.2643207523583" Y="311.528822135381"/>
      </data>
      <data key="d3">
        <y:GraphMLReference ResourceKey="1"/>
      </data>
      <port name="p0"/>
      <port name="p1"/>
    </node>
    <node id="n9">
      <data key="d1">
        <y:RectD Height="15.0" Width="15.0" X="920.6465399674685" Y="625.3531254510425"/>
      </data>
      <data key="d3">
        <y:GraphMLReference ResourceKey="1"/>
      </data>
      <port name="p0"/>
      <port name="p1"/>
    </node>
    <node id="n10">
      <data key="d1">
        <y:RectD Height="15.0" Width="15.0" X="348.3308114299149" Y="355.5056059795347"/>
      </data>
      <data key="d3">
        <y:GraphMLReference ResourceKey="1"/>
      </data>
      <port name="p0"/>
      <port name="p1"/>
      <port name="p2"/>
      <port name="p3"/>
    </node>
    <node id="n11">
      <data key="d1">
        <y:RectD Height="15.0" Width="15.0" X="1058.080449144735" Y="619.695519883067"/>
      </data>
      <data key="d3">
        <y:GraphMLReference ResourceKey="1"/>
      </data>
      <port name="p0"/>
      <port name="p1"/>
      <port name="p2"/>
    </node>
    <node id="n12">
      <data key="d1">
        <y:RectD Height="15.0" Width="15.0" X="1241.2617099380614" Y="763.2726022019763"/>
      </data>
      <data key="d3">
        <y:GraphMLReference ResourceKey="1"/>
      </data>
      <port name="p0"/>
      <port name="p1"/>
    </node>
    <node id="n13">
      <data key="d1">
        <y:RectD Height="15.0" Width="15.0" X="1113.6142988049658" Y="486.1010430483928"/>
      </data>
      <data key="d3">
        <y:GraphMLReference ResourceKey="1"/>
      </data>
      <port name="p0"/>
    </node>
    <node id="n14">
      <data key="d1">
        <y:RectD Height="15.0" Width="15.0" X="1263.9166584543368" Y="693.811723402951"/>
      </data>
      <data key="d3">
        <y:GraphMLReference ResourceKey="1"/>
      </data>
      <port name="p0"/>
      <port name="p1"/>
    </node>
    <node id="n15">
      <data key="d1">
        <y:RectD Height="15.0" Width="15.0" X="951.9125387321628" Y="698.6714395093463"/>
      </data>
      <data key="d3">
        <y:GraphMLReference ResourceKey="1"/>
      </data>
      <port name="p0"/>
      <port name="p1"/>
    </node>
    <node id="n16">
      <data key="d1">
        <y:RectD Height="15.0" Width="15.0" X="583.4456281689526" Y="110.24034374266641"/>
      </data>
      <data key="d3">
        <y:GraphMLReference ResourceKey="1"/>
      </data>
      <port name="p0"/>
      <port name="p1"/>
    </node>
    <node id="n17">
      <data key="d1">
        <y:RectD Height="15.0" Width="15.0" X="1057.0010284527484" Y="971.5432271228312"/>
      </data>
      <data key="d3">
        <y:GraphMLReference ResourceKey="1"/>
      </data>
      <port name="p0"/>
      <port name="p1"/>
      <port name="p2"/>
      <port name="p3"/>
    </node>
    <node id="n18">
      <data key="d1">
        <y:RectD Height="15.0" Width="15.0" X="1095.1513112852688" Y="774.7354510998389"/>
      </data>
      <data key="d3">
        <y:GraphMLReference ResourceKey="1"/>
      </data>
      <port name="p0"/>
      <port name="p1"/>
      <port name="p2"/>
    </node>
    <node id="n19">
      <data key="d1">
        <y:RectD Height="15.0" Width="15.0" X="841.6745978061626" Y="177.50122222077692"/>
      </data>
      <data key="d3">
        <y:GraphMLReference ResourceKey="1"/>
      </data>
      <port name="p0"/>
      <port name="p1"/>
      <port name="p2"/>
    </node>
    <edge id="e0" source="n2" sourceport="p0" target="n10" targetport="p0">
      <data key="d6">
        <y:GraphMLReference ResourceKey="2"/>
      </data>
    </edge>
    <edge id="e1" source="n5" sourceport="p0" target="n7" targetport="p0">
      <data key="d6">
        <y:GraphMLReference ResourceKey="2"/>
      </data>
    </edge>
    <edge id="e2" source="n19" sourceport="p0" target="n16" targetport="p0">
      <data key="d6">
        <y:GraphMLReference ResourceKey="2"/>
      </data>
    </edge>
    <edge id="e3" source="n11" sourceport="p0" target="n9" targetport="p0">
      <data key="d6">
        <y:GraphMLReference ResourceKey="2"/>
      </data>
    </edge>
    <edge id="e4" source="n10" sourceport="p1" target="n8" targetport="p0">
      <data key="d6">
        <y:GraphMLReference ResourceKey="2"/>
      </data>
    </edge>
    <edge id="e5" source="n11" sourceport="p1" target="n15" targetport="p0">
      <data key="d6">
        <y:GraphMLReference ResourceKey="2"/>
      </data>
    </edge>
    <edge id="e6" source="n3" sourceport="p0" target="n1" targetport="p0">
      <data key="d6">
        <y:GraphMLReference ResourceKey="2"/>
      </data>
    </edge>
    <edge id="e7" source="n7" sourceport="p1" target="n3" targetport="p1">
      <data key="d6">
        <y:GraphMLReference ResourceKey="2"/>
      </data>
    </edge>
    <edge id="e8" source="n10" sourceport="p2" target="n16" targetport="p1">
      <data key="d6">
        <y:GraphMLReference ResourceKey="2"/>
      </data>
    </edge>
    <edge id="e9" source="n6" sourceport="p0" target="n14" targetport="p0">
      <data key="d6">
        <y:GraphMLReference ResourceKey="2"/>
      </data>
    </edge>
    <edge id="e10" source="n12" sourceport="p0" target="n18" targetport="p0">
      <data key="d6">
        <y:GraphMLReference ResourceKey="2"/>
      </data>
    </edge>
    <edge id="e11" source="n19" sourceport="p1" target="n1" targetport="p1">
      <data key="d6">
        <y:GraphMLReference ResourceKey="2"/>
      </data>
    </edge>
    <edge id="e12" source="n3" sourceport="p2" target="n18" targetport="p1">
      <data key="d6">
        <y:GraphMLReference ResourceKey="2"/>
      </data>
    </edge>
    <edge id="e13" source="n17" sourceport="p0" target="n15" targetport="p1">
      <data key="d6">
        <y:GraphMLReference ResourceKey="2"/>
      </data>
    </edge>
    <edge id="e14" source="n4" sourceport="p0" target="n11" targetport="p2">
      <data key="d6">
        <y:GraphMLReference ResourceKey="2"/>
      </data>
    </edge>
    <edge id="e15" source="n0" sourceport="p0" target="n14" targetport="p1">
      <data key="d6">
        <y:GraphMLReference ResourceKey="2"/>
      </data>
    </edge>
    <edge id="e16" source="n8" sourceport="p1" target="n0" targetport="p1">
      <data key="d6">
        <y:GraphMLReference ResourceKey="2"/>
      </data>
    </edge>
    <edge id="e17" source="n13" sourceport="p0" target="n17" targetport="p1">
      <data key="d6">
        <y:GraphMLReference ResourceKey="2"/>
      </data>
    </edge>
    <edge id="e18" source="n17" sourceport="p2" target="n6" targetport="p1">
      <data key="d6">
        <y:GraphMLReference ResourceKey="2"/>
      </data>
    </edge>
    <edge id="e19" source="n18" sourceport="p2" target="n9" targetport="p1">
      <data key="d6">
        <y:GraphMLReference ResourceKey="2"/>
      </data>
    </edge>
    <edge id="e20" source="n10" sourceport="p3" target="n17" targetport="p3">
      <data key="d6">
        <y:GraphMLReference ResourceKey="2"/>
      </data>
    </edge>
    <edge id="e21" source="n4" sourceport="p1" target="n12" targetport="p1">
      <data key="d6">
        <y:GraphMLReference ResourceKey="2"/>
      </data>
    </edge>
    <edge id="e22" source="n5" sourceport="p1" target="n19" targetport="p2">
      <data key="d6">
        <y:GraphMLReference ResourceKey="2"/>
      </data>
    </edge>
  </graph>
</graphml>
