<?xml version="1.0" encoding="UTF-8" standalone="no"?>
<!--Created by yFiles for Java 3.1.0.1--><graphml xmlns="http://graphml.graphdrawing.org/xmlns" xmlns:x="http://www.yworks.com/xml/yfiles-common/markup/3.0" xmlns:xsi="http://www.w3.org/2001/XMLSchema-instance" xmlns:y="http://www.yworks.com/xml/yfiles-common/3.0" xmlns:yfj="http://www.yworks.com/xml/yfiles-for-java/3.1" xsi:schemaLocation="http://graphml.graphdrawing.org/xmlns http://www.yworks.com/xml/schema/graphml.java/3.1/ygraphml.xsd ">
  <key attr.name="NodeLabels" for="node" id="d0" y:attr.uri="http://www.yworks.com/xml/yfiles-common/2.0/NodeLabels"/>
  <key attr.name="NodeGeometry" for="node" id="d1" y:attr.uri="http://www.yworks.com/xml/yfiles-common/2.0/NodeGeometry"/>
  <key attr.name="UserTags" for="all" id="d2" y:attr.uri="http://www.yworks.com/xml/yfiles-common/2.0/UserTags"/>
  <key attr.name="NodeStyle" for="node" id="d3" y:attr.uri="http://www.yworks.com/xml/yfiles-common/2.0/NodeStyle"/>
  <key attr.name="EdgeLabels" for="edge" id="d4" y:attr.uri="http://www.yworks.com/xml/yfiles-common/2.0/EdgeLabels"/>
  <key attr.name="EdgeGeometry" for="edge" id="d5" y:attr.uri="http://www.yworks.com/xml/yfiles-common/2.0/EdgeGeometry"/>
  <key attr.name="EdgeStyle" for="edge" id="d6" y:attr.uri="http://www.yworks.com/xml/yfiles-common/2.0/EdgeStyle"/>
  <key attr.name="PortLocationParameter" for="port" id="d7" y:attr.uri="http://www.yworks.com/xml/yfiles-common/2.0/PortLocationParameter">
    <default>
      <x:Static Member="y:FreeNodePortLocationModel.NodeCenterAnchored"/>
    </default>
  </key>
  <key attr.name="PortStyle" for="port" id="d8" y:attr.uri="http://www.yworks.com/xml/yfiles-common/2.0/PortStyle">
    <default>
      <x:Static Member="y:VoidPortStyle.Instance"/>
    </default>
  </key>
  <key attr.name="SharedData" id="d9" y:attr.uri="http://www.yworks.com/xml/yfiles-common/2.0/SharedData"/>
  <data key="d9">
    <y:SharedData>
      <yfj:ShapeNodeStyle Paint="Black" Shape="ELLIPSE" x:Key="1"/>
      <yfj:PolylineEdgeStyle x:Key="2">
        <yfj:PolylineEdgeStyle.Pen>
          <yfj:Pen Thickness="1.5"/>
        </yfj:PolylineEdgeStyle.Pen>
      </yfj:PolylineEdgeStyle>
    </y:SharedData>
  </data>
  <graph id="G">
    <node id="n0">
      <data key="d1">
        <y:RectD Height="15.0" Width="15.0" X="-504.2774005080736" Y="497.54896848571445"/>
      </data>
      <data key="d3">
        <y:GraphMLReference ResourceKey="1"/>
      </data>
      <port name="p0"/>
    </node>
    <node id="n1">
      <data key="d1">
        <y:RectD Height="15.0" Width="15.0" X="489.2774005080736" Y="497.54896848571445"/>
      </data>
      <data key="d3">
        <y:GraphMLReference ResourceKey="1"/>
      </data>
      <port name="p0"/>
    </node>
    <node id="n2">
      <data key="d1">
        <y:RectD Height="15.0" Width="15.0" X="286.96010414042377" Y="268.0617807859449"/>
      </data>
      <data key="d3">
        <y:GraphMLReference ResourceKey="1"/>
      </data>
      <port name="p0"/>
    </node>
    <node id="n3">
      <data key="d1">
        <y:RectD Height="15.0" Width="15.0" X="185.84220734678584" Y="273.0315223120879"/>
      </data>
      <data key="d3">
        <y:GraphMLReference ResourceKey="1"/>
      </data>
      <port name="p0"/>
      <port name="p1"/>
      <port name="p2"/>
    </node>
    <node id="n4">
      <data key="d1">
        <y:RectD Height="15.0" Width="15.0" X="-32.5" Y="90.48794963512033"/>
      </data>
      <data key="d3">
        <y:GraphMLReference ResourceKey="1"/>
      </data>
      <port name="p0"/>
      <port name="p1"/>
    </node>
    <node id="n5">
      <data key="d1">
        <y:RectD Height="15.0" Width="15.0" X="349.773858538815" Y="173.39323993240268"/>
      </data>
      <data key="d3">
        <y:GraphMLReference ResourceKey="1"/>
      </data>
      <port name="p0"/>
      <port name="p1"/>
      <port name="p2"/>
      <port name="p3"/>
    </node>
    <node id="n6">
      <data key="d1">
        <y:RectD Height="15.0" Width="15.0" X="-286.59499889401593" Y="301.25406879661244"/>
      </data>
      <data key="d3">
        <y:GraphMLReference ResourceKey="1"/>
      </data>
      <port name="p0"/>
    </node>
    <node id="n7">
      <data key="d1">
        <y:RectD Height="15.0" Width="15.0" X="-200.84220734678584" Y="273.0315223120879"/>
      </data>
      <data key="d3">
        <y:GraphMLReference ResourceKey="1"/>
      </data>
      <port name="p0"/>
      <port name="p1"/>
      <port name="p2"/>
    </node>
    <node id="n8">
      <data key="d1">
        <y:RectD Height="15.0" Width="15.0" X="96.53775360611776" Y="17.5"/>
      </data>
      <data key="d3">
        <y:GraphMLReference ResourceKey="1"/>
      </data>
      <port name="p0"/>
      <port name="p1"/>
    </node>
    <node id="n9">
      <data key="d1">
        <y:RectD Height="15.0" Width="15.0" X="271.59499889401593" Y="301.25406879661244"/>
      </data>
      <data key="d3">
        <y:GraphMLReference ResourceKey="1"/>
      </data>
      <port name="p0"/>
    </node>
    <node id="n10">
      <data key="d1">
        <y:RectD Height="15.0" Width="15.0" X="-111.53775360611776" Y="17.5"/>
      </data>
      <data key="d3">
        <y:GraphMLReference ResourceKey="1"/>
      </data>
      <port name="p0"/>
      <port name="p1"/>
    </node>
    <node id="n11">
      <data key="d1">
        <y:RectD Height="15.0" Width="15.0" X="17.5" Y="90.48794963512033"/>
      </data>
      <data key="d3">
        <y:GraphMLReference ResourceKey="1"/>
      </data>
      <port name="p0"/>
      <port name="p1"/>
    </node>
    <node id="n12">
      <data key="d1">
        <y:RectD Height="15.0" Width="15.0" X="-301.96010414042377" Y="268.0617807859449"/>
      </data>
      <data key="d3">
        <y:GraphMLReference ResourceKey="1"/>
      </data>
      <port name="p0"/>
    </node>
    <node id="n13">
      <data key="d1">
        <y:RectD Height="15.0" Width="15.0" X="-364.773858538815" Y="173.39323993240268"/>
      </data>
      <data key="d3">
        <y:GraphMLReference ResourceKey="1"/>
      </data>
      <port name="p0"/>
      <port name="p1"/>
      <port name="p2"/>
      <port name="p3"/>
    </node>
    <node id="n14">
      <data key="d1">
        <y:RectD Height="15.0" Width="15.0" X="259.2132905445801" Y="229.45088247627942"/>
      </data>
      <data key="d3">
        <y:GraphMLReference ResourceKey="1"/>
      </data>
      <port name="p0"/>
      <port name="p1"/>
      <port name="p2"/>
      <port name="p3"/>
      <port name="p4"/>
    </node>
    <node id="n15">
      <data key="d1">
        <y:RectD Height="15.0" Width="15.0" X="-274.2132905445801" Y="229.45088247627942"/>
      </data>
      <data key="d3">
        <y:GraphMLReference ResourceKey="1"/>
      </data>
      <port name="p0"/>
      <port name="p1"/>
      <port name="p2"/>
      <port name="p3"/>
      <port name="p4"/>
    </node>
    <edge id="e0" source="n4" sourceport="p0" target="n13" targetport="p0">
      <data key="d6">
        <y:GraphMLReference ResourceKey="2"/>
      </data>
    </edge>
    <edge id="e1" source="n6" sourceport="p0" target="n7" targetport="p0">
      <data key="d6">
        <y:GraphMLReference ResourceKey="2"/>
      </data>
    </edge>
    <edge id="e2" source="n5" sourceport="p0" target="n14" targetport="p0">
      <data key="d6">
        <y:GraphMLReference ResourceKey="2"/>
      </data>
    </edge>
    <edge id="e3" source="n11" sourceport="p0" target="n5" targetport="p1">
      <data key="d6">
        <y:GraphMLReference ResourceKey="2"/>
      </data>
    </edge>
    <edge id="e4" source="n13" sourceport="p1" target="n15" targetport="p0">
      <data key="d6">
        <y:GraphMLReference ResourceKey="2"/>
      </data>
    </edge>
    <edge id="e5" source="n2" sourceport="p0" target="n14" targetport="p1">
      <data key="d6">
        <y:GraphMLReference ResourceKey="2"/>
      </data>
    </edge>
    <edge id="e6" source="n13" sourceport="p2" target="n5" targetport="p2">
      <data key="d6">
        <y:GraphMLReference ResourceKey="2"/>
      </data>
    </edge>
    <edge id="e7" source="n1" sourceport="p0" target="n14" targetport="p2">
      <data key="d6">
        <y:GraphMLReference ResourceKey="2"/>
      </data>
    </edge>
    <edge id="e8" source="n10" sourceport="p0" target="n8" targetport="p0">
      <data key="d6">
        <y:GraphMLReference ResourceKey="2"/>
      </data>
    </edge>
    <edge id="e9" source="n3" sourceport="p0" target="n5" targetport="p3">
      <data key="d6">
        <y:GraphMLReference ResourceKey="2"/>
      </data>
    </edge>
    <edge id="e10" source="n8" sourceport="p1" target="n3" targetport="p1">
      <data key="d6">
        <y:GraphMLReference ResourceKey="2"/>
      </data>
    </edge>
    <edge id="e11" source="n10" sourceport="p1" target="n7" targetport="p1">
      <data key="d6">
        <y:GraphMLReference ResourceKey="2"/>
      </data>
    </edge>
    <edge id="e12" source="n15" sourceport="p1" target="n14" targetport="p3">
      <data key="d6">
        <y:GraphMLReference ResourceKey="2"/>
      </data>
    </edge>
    <edge id="e13" source="n0" sourceport="p0" target="n15" targetport="p2">
      <data key="d6">
        <y:GraphMLReference ResourceKey="2"/>
      </data>
    </edge>
    <edge id="e14" source="n12" sourceport="p0" target="n15" targetport="p3">
      <data key="d6">
        <y:GraphMLReference ResourceKey="2"/>
      </data>
    </edge>
    <edge id="e15" source="n4" sourceport="p1" target="n15" targetport="p4">
      <data key="d6">
        <y:GraphMLReference ResourceKey="2"/>
      </data>
    </edge>
    <edge id="e16" source="n7" sourceport="p2" target="n13" targetport="p3">
      <data key="d6">
        <y:GraphMLReference ResourceKey="2"/>
      </data>
    </edge>
    <edge id="e17" source="n11" sourceport="p1" target="n14" targetport="p4">
      <data key="d6">
        <y:GraphMLReference ResourceKey="2"/>
      </data>
    </edge>
    <edge id="e18" source="n9" sourceport="p0" target="n3" targetport="p2">
      <data key="d6">
        <y:GraphMLReference ResourceKey="2"/>
      </data>
    </edge>
  </graph>
</graphml>
